order_id,contact_full_name
f47ac10b-58cc-4372-a567-0e02b2c3d479,Curtis Jackson
f47ac10b-58cc-4372-a567-0e02b2c3d480,Maria Theresa
f47ac10b-58cc-4372-a567-0e02b2c3d481,Para Cetamol
f47ac10b-58cc-4372-a567-0e02b2c3d482,John Doe
f47ac10b-58cc-4372-a567-0e02b2c3d483,John Doe
f47ac10b-58cc-4372-a567-0e02b2c3d484,John Krasinski
f47ac10b-58cc-4372-a567-0e02b2c3d485,John Doe
f47ac10b-58cc-4372-a567-0e02b2c3d486,Jennifer Lopez
f47ac10b-58cc-4372-a567-0e02b2c3d487,Liav Ichenbaum
f47ac10b-58cc-4372-a567-0e02b2c3d488,Curtis Jackson
f47ac10b-58cc-4372-a567-0e02b2c3d489,Anthony Pap
f47ac10b-58cc-4372-a567-0e02b2c3d490,Natalia Romanov
f47ac10b-58cc-4372-a567-0e02b2c3d491,Bruce Wayne
f47ac10b-58cc-4372-a567-0e02b2c3d492,Clark Kent
f47ac10b-58cc-4372-a567-0e02b2c3d493,John Doe
f47ac10b-58cc-4372-a567-0e02b2c3d494,Tony Stark
f47ac10b-58cc-4372-a567-0e02b2c3d495,Diana Prince
f47ac10b-58cc-4372-a567-0e02b2c3d496,Peter Parker
f47ac10b-58cc-4372-a567-0e02b2c3d497,Steve Rogers
f47ac10b-58cc-4372-a567-0e02b2c3d498,Natasha Romanov
f47ac10b-58cc-4372-a567-0e02b2c3d499,Bruce Banner
f47ac10b-58cc-4372-a567-0e02b2c3d500,Selina Kyle
f47ac10b-58cc-4372-a567-0e02b2c3d501,Barry Allen
f47ac10b-58cc-4372-a567-0e02b2c3d502,Clark Kent
f47ac10b-58cc-4372-a567-0e02b2c3d503,John Doe
f47ac10b-58cc-4372-a567-0e02b2c3d504,Diana Prince
f47ac10b-58cc-4372-a567-0e02b2c3d505,Bruce Wayne
f47ac10b-58cc-4372-a567-0e02b2c3d506,Steve Rogers
f47ac10b-58cc-4372-a567-0e02b2c3d507,Peter Parker
f47ac10b-58cc-4372-a567-0e02b2c3d508,John Doe
f47ac10b-58cc-4372-a567-0e02b2c3d509,Tony Stark
f47ac10b-58cc-4372-a567-0e02b2c3d510,Natalia Romanov
f47ac10b-58cc-4372-a567-0e02b2c3d511,Bruce Banner
f47ac10b-58cc-4372-a567-0e02b2c3d512,Curtis Jackson
f47ac10b-58cc-4372-a567-0e02b2c3d513,Maria Theresa
f47ac10b-58cc-4372-a567-0e02b2c3d514,John Doe
f47ac10b-58cc-4372-a567-0e02b2c3d515,Diana Prince
f47ac10b-58cc-4372-a567-0e02b2c3d516,Bruce Wayne
f47ac10b-58cc-4372-a567-0e02b2c3d517,Steve Rogers
f47ac10b-58cc-4372-a567-0e02b2c3d518,Peter Parker
f47ac10b-58cc-4372-a567-0e02b2c3d519,John Doe
f47ac10b-58cc-4372-a567-0e02b2c3d520,Curtis Jackson
f47ac10b-58cc-4372-a567-0e02b2c3d521,Maria Theresa
f47ac10b-58cc-4372-a567-0e02b2c3d522,Para Cetamol
f47ac10b-58cc-4372-a567-0e02b2c3d523,John Doe
f47ac10b-58cc-4372-a567-0e02b2c3d524,John Doe
f47ac10b-58cc-4372-a567-0e02b2c3d525,John Krasinski
f47ac10b-58cc-4372-a567-0e02b2c3d526,John Doe
f47ac10b-58cc-4372-a567-0e02b2c3d527,Jennifer Lopez
f47ac10b-58cc-4372-a567-0e02b2c3d528,Liav Ichenbaum
f47ac10b-58cc-4372-a567-0e02b2c3d529,Curtis Jackson
f47ac10b-58cc-4372-a567-0e02b2c3d530,Anthony Pap
f47ac10b-58cc-4372-a567-0e02b2c3d531,John Doe
f47ac10b-58cc-4372-a567-0e02b2c3d532,John Doe
f47ac10b-58cc-4372-a567-0e02b2c3d533,John Doe
f47ac10b-58cc-4372-a567-0e02b2c3d534,John Doe
f47ac10b-58cc-4372-a567-0e02b2c3d535,John Krasinski
f47ac10b-58cc-4372-a567-0e02b2c3d536,Liav Ichenbaum
f47ac10b-58cc-4372-a567-0e02b2c3d537,Jennifer Lopez
f47ac10b-58cc-4372-a567-0e02b2c3d538,John Doe
f47ac10b-58cc-4372-a567-0e02b2c3d539,John Doe
f47ac10b-58cc-4372-a567-0e02b2c3d540,Curtis Jackson
